                  epoch,         train/box_loss,         train/cls_loss,         train/dfl_loss,   metrics/precision(B),      metrics/recall(B),       metrics/mAP50(B),    metrics/mAP50-95(B),           val/box_loss,           val/cls_loss,           val/dfl_loss,                 lr/pg0,                 lr/pg1,                 lr/pg2
                      1,                0.77623,                  2.783,                0.94436,                0.80756,                0.81971,                0.89489,                 0.7478,                0.63244,                 1.1267,                0.90721,             0.00022193,             0.00022193,             0.00022193
                      2,                0.69454,                 1.3457,                0.92532,                0.86663,                0.87453,                 0.9374,                0.79854,                 0.5939,                0.75891,                0.89401,              0.0003563,              0.0003563,              0.0003563
                      3,                0.65188,                0.97083,                0.91407,                0.93918,                0.92951,                0.96955,                0.84421,                 0.5434,                0.54775,                 0.8698,             0.00040262,             0.00040262,             0.00040262
                      4,                0.61087,                0.75152,                0.89656,                0.94495,                0.96561,                   0.98,                0.87066,                0.49527,                0.46135,                0.84932,              0.0002708,              0.0002708,              0.0002708
                      5,                0.59355,                0.65297,                0.89212,                0.95082,                0.95416,                0.98111,                0.87373,                0.49186,                 0.4402,                0.85127,              0.0002708,              0.0002708,              0.0002708
